<?xml version="1.0"?>
<project xmlns="http://maven.apache.org/POM/4.0.0" xmlns:xsi="http://www.w3.org/2001/XMLSchema-instance" xsi:schemaLocation="http://maven.apache.org/POM/4.0.0                              http://maven.apache.org/maven-v4_0_0.xsd">
  <modelVersion>4.0.0</modelVersion>
  <groupId>de.jflex</groupId>
  <artifactId>jflex-parent</artifactId>
  <name>JFlex parent and aggregator POM</name>
  <version>1.6.1</version>
  <packaging>pom</packaging>
  <url>http://jflex.de</url>
  <description>JFlex parent and agregator POM</description>

  <parent>
    <groupId>org.sonatype.oss</groupId>
    <artifactId>oss-parent</artifactId>
    <version>7</version>
  </parent>

  <licenses>
    <license>
      <name>BSD</name>
      <url>http://opensource.org/licenses/BSD-3-Clause</url>
      <distribution>repo</distribution>
    </license>
  </licenses>

  <developers>
    <developer>
      <id>lsf37</id>
      <name>Gerwin Klein</name>
      <email>gerwin.klein@nicta.com.au</email>
      <roles>
        <role>founder</role>
        <role>developer</role>
      </roles>
      <timezone>+10</timezone>
    </developer>
    <developer>
      <id>steve_rowe</id>
      <name>Steve Rowe</name>
      <email>steve_rowe@users.sf.net</email>
      <roles>
        <role>developer</role>
      </roles>
      <timezone>-5</timezone>
    </developer>
     <developer>
      <id>decamps</id>
      <name>Régis Décamps</name>
      <email>decamps@users.sf.net</email>
      <roles>
        <role>developer</role>
      </roles>
      <timezone>+1</timezone>
    </developer>
  </developers>

  <modules>
    <module>jflex-unicode-maven-plugin</module>
    <module>jflex</module>
    <module>jflex-maven-plugin</module>
    <module>testsuite</module>
  </modules>

  <mailingLists>
    <mailingList>
      <name>JFlex User List</name>
      <subscribe>https://lists.sourceforge.net/lists/listinfo/jflex-users</subscribe>
      <unsubscribe>https://lists.sourceforge.net/lists/listinfo/jflex-users</unsubscribe>
      <post>jflex-users@lists.sourceforge.net</post>
      <archive>http://sourceforge.net/mailarchive/forum.php?forum_name=jflex-users</archive>
    </mailingList>
    <mailingList>
      <name>JFlex Announcement List</name>
      <subscribe>https://lists.sourceforge.net/lists/listinfo/jflex-announce</subscribe>
      <unsubscribe>https://lists.sourceforge.net/lists/listinfo/jflex-announce</unsubscribe>
      <post>jflex-announce@lists.sourceforge.net</post>
      <archive>http://sourceforge.net/mailarchive/forum.php?forum_name=jflex-announce</archive>
    </mailingList>
  </mailingLists>

  <prerequisites>
    <maven>3.0.0</maven>
  </prerequisites>

  <issueManagement>
    <system>Sourceforge</system>
    <url>http://sourceforge.net/p/jflex/_list/tickets</url>
  </issueManagement>

  <scm>
    <connection>scm:git:git@github.com:jflex-de/jflex.git</connection>
    <developerConnection>scm:git:git@github.com:jflex-de/jflex.git</developerConnection>
    <url>scm:git:git@github.com:jflex-de/jflex.git</url>
  </scm>

  <dependencyManagement>
    <dependencies>
      <dependency>
        <groupId>commons-io</groupId>
        <artifactId>commons-io</artifactId>
        <version>1.2</version>
      </dependency>
      <dependency>
        <groupId>junit</groupId>
        <artifactId>junit</artifactId>
        <version>4.11</version>
      </dependency>
      <dependency>
        <groupId>org.apache.ant</groupId>
        <artifactId>ant</artifactId>
        <version>1.7.0</version>
      </dependency>
      <dependency>
        <groupId>org.apache.maven</groupId>
        <artifactId>maven-plugin-api</artifactId>
        <version>3.1.0</version>
      </dependency>
      <dependency>
        <groupId>org.apache.maven.plugin-testing</groupId>
        <artifactId>maven-plugin-testing-harness</artifactId>
        <version>2.1</version>
      </dependency>
      <dependency>
        <groupId>org.apache.maven</groupId>
        <artifactId>maven-project</artifactId>
        <version>2.0.11</version>
      </dependency>
    </dependencies>
  </dependencyManagement>
    
  <build>
    <pluginManagement>
      <plugins>
        <plugin>
          <groupId>org.apache.maven.plugins</groupId>
          <artifactId>maven-antrun-plugin</artifactId>
          <version>1.7</version>
        </plugin>
        <plugin>
          <groupId>org.apache.maven.plugins</groupId>
          <artifactId>maven-clean-plugin</artifactId>
          <version>2.5</version>
        </plugin>
        <plugin>
          <groupId>org.apache.maven.plugins</groupId>
          <artifactId>maven-compiler-plugin</artifactId>
          <version>3.1</version>
          <configuration>
            <source>1.5</source>
            <target>1.5</target>
          </configuration>
        </plugin>
        <plugin>
          <groupId>org.apache.maven.plugins</groupId>
          <artifactId>maven-deploy-plugin</artifactId>
          <version>2.8</version>
        </plugin>
        <plugin>
          <groupId>org.apache.maven.plugins</groupId>
          <artifactId>maven-install-plugin</artifactId>
          <version>2.5</version>
        </plugin>
        <plugin>
          <groupId>org.apache.maven.plugins</groupId>
          <artifactId>maven-jar-plugin</artifactId>
          <version>2.4</version>
        </plugin>
        <plugin>
          <groupId>org.apache.maven.plugins</groupId>
          <artifactId>maven-javadoc-plugin</artifactId>
          <version>2.10.1</version>
          <configuration>
            <additionalparam>-Xdoclint:none</additionalparam>
          </configuration>
        </plugin>
        <plugin>
          <groupId>org.apache.maven.plugins</groupId>
          <artifactId>maven-plugin-plugin</artifactId>
          <version>3.2</version>
        </plugin>
        <plugin>
          <groupId>org.apache.maven.plugins</groupId>
          <artifactId>maven-release-plugin</artifactId>
          <version>2.4.1</version>
          <configuration>
            <autoVersionSubmodules>true</autoVersionSubmodules>
            <preparationGoals>clean install</preparationGoals>
            <tagBase/>
          </configuration>
        </plugin>
        <plugin>
          <groupId>org.apache.maven.plugins</groupId>
          <artifactId>maven-gpg-plugin</artifactId>
          <version>1.6</version>
		  <configuration>
			  <keyname>84A70085</keyname>
		  </configuration>
        </plugin>
        <plugin>
          <groupId>org.apache.maven.plugins</groupId>
          <artifactId>maven-resources-plugin</artifactId>
          <version>2.6</version>
        </plugin>
        <plugin>
          <groupId>org.apache.maven.plugins</groupId>
          <artifactId>maven-site-plugin</artifactId>
          <version>3.3</version>
          <configuration>
            <skip>true</skip>
            <skipDeploy>true</skipDeploy>
          </configuration>
        </plugin>
        <plugin>
          <groupId>org.apache.maven.plugins</groupId>
          <artifactId>maven-source-plugin</artifactId>
          <version>2.2.1</version>
        </plugin>
        <plugin>
          <groupId>org.apache.maven.plugins</groupId>
          <artifactId>maven-surefire-plugin</artifactId>
          <version>2.16</version>
        </plugin>
      </plugins>
    </pluginManagement>
  </build>
</project>
